"","STATE","zipcode","N1","NUMDEP","A00100","SCHF","A06500","A10300","A19700"
"1","GA",0,4378660,3324700,270829849,42430,34107978,36431542,9059753
"2","GA",30002,3100,1600,252844,0,36099,38255,7447
"3","GA",30004,26740,22530,3693023,110,666077,696818,119430
"4","GA",30005,15540,13770,2022149,20,347466,361325,50738
"5","GA",30008,13050,11570,492019,0,38598,44032,12479
"6","GA",30009,8080,5020,867539,0,149044,155670,21999
"7","GA",30011,7300,5760,353068,30,30420,33074,8761
"8","GA",30012,11720,10990,469247,30,39534,43632,12834
"9","GA",30013,12280,9790,554868,0,48597,52984,19795
"10","GA",30014,14650,12170,699722,100,65632,70996,22060
"11","GA",30016,23370,20620,926630,50,65183,71840,29409
"12","GA",30017,10240,8280,700308,0,79828,85073,25504
"13","GA",30019,19860,17270,1427853,60,163654,174434,44447
"14","GA",30021,11500,10290,298472,0,14089,16771,4452
"15","GA",30022,29400,22830,3896098,40,693117,726736,167870
"16","GA",30024,33050,30110,3399651,70,517930,544052,106594
"17","GA",30025,4060,3070,237827,80,25485,27294,7901
"18","GA",30028,10320,8380,760066,100,92581,98268,17733
"19","GA",30030,12980,8300,1410576,20,219047,234513,38395
"20","GA",30032,20240,14420,615260,0,44796,50318,16817
"21","GA",30033,14040,6500,1202379,20,175414,185730,31938
"22","GA",30034,21490,15480,767593,0,57287,62184,35292
"23","GA",30035,10030,7990,307299,0,18977,21419,11171
"24","GA",30038,17920,14100,704503,0,53983,59086,32424
"25","GA",30039,21470,17520,989168,0,83298,90812,34046
"26","GA",30040,29130,25290,2586583,100,349116,367623,70394
"27","GA",30041,27790,23480,2993713,100,462860,482807,88903
"28","GA",30043,38720,29520,2290139,40,251216,272305,69108
"29","GA",30044,40750,34940,1714258,30,143639,164444,41632
"30","GA",30045,16770,15010,863515,0,77079,84572,28027
"31","GA",30046,17360,14680,664457,0,51166,58826,19205
"32","GA",30047,28920,23330,1669948,50,181056,197894,46678
"33","GA",30052,29110,23570,1567060,80,144097,155731,45817
"34","GA",30054,5060,3620,286723,40,30451,32398,9790
"35","GA",30055,1370,1000,82580,70,9106,9645,2271
"36","GA",30056,1090,880,57021,40,5741,6235,1134
"37","GA",30058,25560,21150,882460,0,60222,66796,35937
"38","GA",30060,15860,14740,616598,0,60157,68398,15644
"39","GA",30062,30140,22060,2933168,60,447779,473675,91566
"40","GA",30064,22500,15210,2096435,50,315563,333625,84793
"41","GA",30066,27250,17870,2141792,40,289597,305945,57123
"42","GA",30067,22870,14110,2095565,30,349378,370508,116166
"43","GA",30068,15560,10820,2135239,40,379968,401549,73139
"44","GA",30071,11240,11580,448066,0,41403,48105,10695
"45","GA",30075,25250,17800,3316783,60,581674,611179,117504
"46","GA",30076,20810,15570,1895675,40,291618,307582,54108
"47","GA",30078,16380,12360,1065702,30,131903,140291,32999
"48","GA",30079,1300,930,54116,0,5211,5705,929
"49","GA",30080,25350,14780,1859931,30,265921,281323,51531
"50","GA",30082,12910,7790,1031392,20,143250,151307,30542
"51","GA",30083,25010,19550,771293,0,51109,58753,22180
"52","GA",30084,18520,13800,995164,20,108715,118308,25550
"53","GA",30087,17950,12000,1135542,50,132004,140878,49508
"54","GA",30088,12500,9520,421653,0,29771,32985,15994
"55","GA",30092,16940,12190,1385778,20,206012,219322,49098
"56","GA",30093,23510,24330,657712,0,36286,48796,11433
"57","GA",30094,14470,10020,766369,40,74562,79575,28667
"58","GA",30096,32430,22670,1673279,40,190184,206587,41212
"59","GA",30097,20320,16430,2936565,40,555605,584281,131986
"60","GA",30101,26650,20700,2047951,50,264740,279209,61373
"61","GA",30102,18520,13340,994262,30,101972,109887,22729
"62","GA",30103,5950,4690,291364,140,26588,28698,6020
"63","GA",30104,1880,1480,79900,50,6156,6693,1543
"64","GA",30105,1100,590,66119,70,6855,7327,2787
"65","GA",30106,9800,7620,370305,0,27391,30576,10738
"66","GA",30107,6400,4330,422313,90,47336,50808,9498
"67","GA",30108,3140,2260,140324,160,11783,13155,3139
"68","GA",30110,5180,4180,269566,80,25024,27031,7356
"69","GA",30113,2220,1710,98387,90,7847,8644,2338
"70","GA",30114,21750,18200,1534133,70,186931,198362,45963
"71","GA",30115,18550,14490,1489364,130,190724,202558,41671
"72","GA",30116,9790,7990,531552,130,56170,59852,15522
"73","GA",30117,13900,11130,664659,160,72002,77333,19890
"74","GA",30120,17300,14350,937649,100,100708,107952,28532
"75","GA",30121,9520,7300,449521,30,43063,46350,10917
"76","GA",30122,10740,8150,430188,0,34171,37293,12939
"77","GA",30124,1250,780,59830,60,5470,5809,1254
"78","GA",30125,9140,8570,365890,180,27245,29867,9026
"79","GA",30126,18160,14750,1294802,20,176283,186981,49362
"80","GA",30127,29740,23120,1858373,70,210408,223427,67806
"81","GA",30132,15490,12740,877035,50,82013,87725,21829
"82","GA",30134,19140,16650,804213,40,62634,68654,23735
"83","GA",30135,28980,22600,1579333,50,161298,171911,54892
"84","GA",30137,730,550,31316,0,2727,2936,668
"85","GA",30139,1660,1260,72902,70,5739,6284,1217
"86","GA",30141,10000,7520,510331,40,48563,52028,14615
"87","GA",30143,10140,5320,705136,120,81697,87112,16583
"88","GA",30144,24580,15050,1362369,20,146074,155302,31043
"89","GA",30145,3310,2740,188813,70,19196,20383,5136
"90","GA",30147,1810,1430,75743,20,5863,6362,2011
"91","GA",30148,320,150,14029,0,1198,1315,198
"92","GA",30152,19770,14750,1796333,50,275192,289418,61975
"93","GA",30153,7560,5970,318179,110,24567,26739,6991
"94","GA",30157,19950,15670,1034737,60,91035,97560,24245
"95","GA",30161,13490,10240,750509,160,81329,87519,41956
"96","GA",30165,16320,14680,829034,130,86177,92649,45433
"97","GA",30168,11590,11840,368285,0,22339,25663,11435
"98","GA",30170,1220,900,62059,100,5790,6313,1769
"99","GA",30171,1420,1040,76688,40,7333,7865,1506
"100","GA",30173,2660,2030,125621,50,10309,11120,3406
"101","GA",30175,2490,1740,120777,60,11709,12757,2166
"102","GA",30176,2630,1960,108845,60,8457,9227,2424
"103","GA",30177,280,180,12122,0,948,1054,163
"104","GA",30178,1630,1170,88330,60,8519,9125,2206
"105","GA",30179,7270,5730,325924,80,25183,27459,7376
"106","GA",30180,15330,12270,823606,80,81493,86888,22691
"107","GA",30182,1040,870,47019,50,3707,4052,829
"108","GA",30183,2450,1330,175021,40,21340,22704,5044
"109","GA",30184,2940,1910,202337,30,26424,28008,4654
"110","GA",30185,1670,1160,84837,30,7809,8424,1883
"111","GA",30187,3920,2720,242318,40,26185,27711,7840
"112","GA",30188,28110,18990,2030188,50,250157,265813,57614
"113","GA",30189,17850,12300,1323612,30,169277,179524,36062
"114","GA",30204,4950,3700,202335,120,16677,18403,5558
"115","GA",30205,1460,920,144668,40,20697,21815,6496
"116","GA",30206,1250,980,63564,40,5169,5608,1751
"117","GA",30213,15680,12900,663028,30,49994,54360,28708
"118","GA",30214,14440,9380,921353,40,106279,112787,46858
"119","GA",30215,16080,11740,1459214,100,213770,223698,66531
"120","GA",30216,800,660,28418,0,1848,2056,929
"121","GA",30217,3380,2620,143644,120,12028,13140,3103
"122","GA",30218,860,600,39347,40,3088,3390,959
"123","GA",30220,2250,1890,99898,30,9409,9990,2891
"124","GA",30222,1760,1400,68496,60,5163,5723,1934
"125","GA",30223,14670,11790,561259,80,45429,49810,16809
"126","GA",30224,10590,7600,545572,90,56003,60490,18560
"127","GA",30228,18760,16040,829831,40,66750,72334,30906
"128","GA",30230,3500,2930,145561,40,11012,12238,3756
"129","GA",30233,9100,6780,464674,110,41416,44455,13911
"130","GA",30234,890,740,37573,0,2750,3010,1177
"131","GA",30236,21180,17370,919186,30,93068,101251,32860
"132","GA",30238,17440,16100,555619,0,32629,37524,20567
"133","GA",30240,12690,10420,685152,110,77420,82494,22492
"134","GA",30241,10790,9190,435412,100,35451,38606,13597
"135","GA",30248,10960,9250,610977,50,56447,60656,20124
"136","GA",30251,1010,740,39555,0,2915,3161,943
"137","GA",30252,18750,15150,1208684,110,125311,132843,40755
"138","GA",30253,25010,20020,1359137,40,150135,160062,53328
"139","GA",30256,1090,830,55726,40,5139,5533,1109
"140","GA",30257,1720,1240,82265,40,6553,7081,2275
"141","GA",30258,980,780,45432,40,3646,4079,980
"142","GA",30259,1480,950,92866,30,10467,11020,2410
"143","GA",30260,11350,9790,342567,0,20584,25103,8691
"144","GA",30263,24360,20040,1357116,150,145390,154838,43157
"145","GA",30265,15310,11210,1149448,40,139253,145848,42097
"146","GA",30268,4560,3870,247298,40,26489,29063,8623
"147","GA",30269,17180,12760,1758078,50,271978,283411,59760
"148","GA",30273,7920,6720,277934,0,17264,19491,11290
"149","GA",30274,15340,13830,423379,0,22022,26306,13566
"150","GA",30276,6870,5570,460419,50,50335,52895,12699
"151","GA",30277,9620,7150,716503,60,83804,87968,21340
"152","GA",30281,30760,23090,1416212,50,122406,132072,50375
"153","GA",30285,300,230,15547,0,1388,1514,382
"154","GA",30286,9120,6830,379888,110,32189,35285,9345
"155","GA",30288,3780,3330,125548,0,7838,8886,5114
"156","GA",30290,4060,2800,425664,0,63746,66570,19649
"157","GA",30291,10210,9050,314457,0,17727,20218,12171
"158","GA",30292,2460,1910,137386,60,12583,13548,4656
"159","GA",30293,1130,850,44770,40,3099,3412,1090
"160","GA",30294,19240,15380,784194,0,57864,63302,37023
"161","GA",30295,1860,1320,100027,70,9511,10175,2809
"162","GA",30296,12820,10580,427965,0,26886,30181,18139
"163","GA",30297,11080,13040,279715,0,12205,16226,5450
"164","GA",30303,1330,440,104632,0,19922,21181,2264
"165","GA",30305,13610,5080,3739873,40,815564,863143,244482
"166","GA",30306,12210,4770,2031236,30,407528,433243,70753
"167","GA",30307,10040,4280,1418640,20,283803,302151,37082
"168","GA",30308,10680,2040,856170,0,142188,148646,16968
"169","GA",30309,14790,3080,2281314,30,465242,491101,72475
"170","GA",30310,11560,8780,301514,0,18738,22463,7434
"171","GA",30311,14000,11290,441900,0,34198,38440,18807
"172","GA",30312,11080,4500,672611,0,90781,96886,11789
"173","GA",30313,2070,880,124960,0,14487,15538,2472
"174","GA",30314,6730,5200,155389,0,8799,10639,3480
"175","GA",30315,12950,11810,386805,0,29789,34493,7720
"176","GA",30316,15960,7700,886428,0,107270,114814,17791
"177","GA",30317,6490,3270,450682,0,59577,63652,7550
"178","GA",30318,22390,13600,1489818,20,221194,236001,39721
"179","GA",30319,20830,10290,3401206,50,663143,700147,158172
"180","GA",30324,15480,5780,1441794,0,245489,257862,35154
"181","GA",30326,3690,670,695415,0,149155,156830,33187
"182","GA",30327,10920,7040,4953938,60,1215202,1285562,372942
"183","GA",30328,17450,8720,2397291,30,454620,481320,88620
"184","GA",30329,13800,12850,942796,0,129994,137640,33385
"185","GA",30331,25540,19520,1086987,0,103283,111477,49208
"186","GA",30336,690,500,84709,0,20726,21400,5174
"187","GA",30337,5090,3990,192379,0,20640,21071,5591
"188","GA",30338,16770,10570,2164190,40,372186,391971,69268
"189","GA",30339,15760,4610,1961658,30,352840,371315,94528
"190","GA",30340,13670,13080,536841,0,48201,55172,10896
"191","GA",30341,14860,10900,928400,0,119959,128306,19779
"192","GA",30342,14700,11390,2615278,40,552758,585861,133015
"193","GA",30344,14870,11500,503421,0,40791,44998,16318
"194","GA",30345,11870,8310,1214396,20,198713,211167,38685
"195","GA",30346,3150,930,269926,0,44448,46071,3243
"196","GA",30349,34360,28230,1242844,0,90994,100732,53432
"197","GA",30350,17780,9280,2091762,30,403097,424738,74980
"198","GA",30354,6560,6500,194226,0,12601,14402,4674
"199","GA",30360,7060,6220,408412,0,48086,52420,9083
"200","GA",30363,1730,370,160487,0,28908,30346,3231
"201","GA",30401,5150,4620,190124,190,14636,16311,5024
"202","GA",30410,620,450,29016,50,2543,2718,762
"203","GA",30411,960,820,34180,80,2271,2522,1063
"204","GA",30413,630,500,23189,60,1586,1758,686
"205","GA",30415,2950,2260,149033,110,13308,14394,3232
"206","GA",30417,3800,3260,160986,200,13139,14297,3849
"207","GA",30420,710,580,25816,60,1758,1973,549
"208","GA",30421,1180,910,47424,100,3557,3995,1152
"209","GA",30425,510,450,20413,50,1464,1614,348
"210","GA",30426,400,320,16421,30,1399,1603,293
"211","GA",30427,4270,3860,177388,290,15474,16832,4459
"212","GA",30428,820,660,31905,90,2109,2445,731
"213","GA",30434,2200,1970,80038,100,5583,6368,2760
"214","GA",30436,4430,3970,178475,240,13660,15032,7507
"215","GA",30439,3760,3310,146905,200,11035,12272,5075
"216","GA",30441,750,640,27489,80,1932,2186,593
"217","GA",30442,2840,2410,101294,190,7354,8221,2771
"218","GA",30445,1060,900,38505,60,2601,2884,1063
"219","GA",30446,560,480,23525,40,1724,1931,628
"220","GA",30450,1000,890,33263,70,2132,2461,739
"221","GA",30452,660,460,27812,40,2493,2701,832
"222","GA",30453,2370,2300,99430,110,9680,10424,2916
"223","GA",30454,230,170,9754,30,645,690,223
"224","GA",30455,270,180,9368,0,654,653,95
"225","GA",30456,760,720,27911,40,1904,1999,648
"226","GA",30457,2150,1750,81588,160,5922,6601,2050
"227","GA",30458,13230,8580,565901,200,58583,62368,18740
"228","GA",30461,5800,4500,341106,160,37748,40031,9662
"229","GA",30467,4690,3620,191561,280,15329,16611,5259
"230","GA",30470,340,270,17565,50,1523,1611,480
"231","GA",30471,1620,1390,59274,100,4274,4858,1065
"232","GA",30473,1020,820,41216,70,3361,3714,857
"233","GA",30474,6050,5130,289286,170,28646,30656,9599
"234","GA",30477,1280,1230,45569,40,3696,4095,1508
"235","GA",30501,11810,13550,574902,30,67480,72367,19320
"236","GA",30504,11470,12480,523906,0,48406,52351,14699
"237","GA",30506,18760,12750,1432531,190,190948,202518,55347
"238","GA",30507,11890,13160,455390,50,30064,33707,9926
"239","GA",30510,2650,2240,104657,50,7484,8225,2122
"240","GA",30511,1490,1290,62044,60,4719,5219,1497
"241","GA",30512,7460,3690,364177,160,34244,37230,10500
"242","GA",30513,4690,2520,234813,50,24539,27274,5454
"243","GA",30516,790,750,30589,60,2013,2333,610
"244","GA",30517,6120,4870,558691,40,84339,89122,25260
"245","GA",30518,21570,19110,1363712,30,155118,166176,35014
"246","GA",30519,20430,16330,1378717,50,164378,175838,39673
"247","GA",30520,1670,1360,66621,130,4857,5539,1224
"248","GA",30521,2050,1490,88443,230,7031,8075,1823
"249","GA",30522,510,180,26233,0,2688,2888,575
"250","GA",30523,5300,3120,306368,150,33273,35996,11873
"251","GA",30525,3500,2240,161236,60,16047,17890,3815
"252","GA",30527,1830,1230,124223,80,12685,13687,5534
"253","GA",30528,9170,6010,411861,210,35277,39129,11240
"254","GA",30529,4720,3650,196952,80,15646,16892,4646
"255","GA",30530,2470,1910,112746,130,9559,10444,2601
"256","GA",30531,4680,4210,217768,60,19049,20811,6519
"257","GA",30533,9900,5620,494738,140,48664,53132,10069
"258","GA",30534,11770,7640,737092,170,87477,93489,16509
"259","GA",30535,2950,1890,145356,40,13651,14789,4375
"260","GA",30536,2970,1690,153916,120,15222,16786,3429
"261","GA",30537,530,270,26853,0,2691,2940,614
"262","GA",30538,1210,850,45952,60,3233,3608,1058
"263","GA",30540,7260,5190,341198,100,33421,36432,14825
"264","GA",30541,760,460,32149,0,2602,2938,591
"265","GA",30542,15730,11230,1058772,40,125797,133582,33996
"266","GA",30543,1870,1730,80100,80,5842,6568,1568
"267","GA",30545,540,220,23588,0,2078,2324,438
"268","GA",30546,3200,1350,162477,60,16792,18231,4833
"269","GA",30547,1410,1000,66504,100,5308,5899,1356
"270","GA",30548,8100,5650,667646,70,84374,88739,20677
"271","GA",30549,9790,8160,579749,170,57372,61209,15350
"272","GA",30552,620,330,47774,0,6163,6665,1280
"273","GA",30553,3030,2180,148950,130,15308,16431,3624
"274","GA",30554,3220,2360,149036,130,12442,13638,3283
"275","GA",30555,930,530,36190,0,2894,3397,631
"276","GA",30557,1910,1230,81983,110,7500,8233,1601
"277","GA",30558,2190,1620,94663,90,7956,8727,2008
"278","GA",30559,1640,960,79507,30,7975,8860,1858
"279","GA",30560,1860,890,83887,20,7491,8326,1815
"280","GA",30563,2160,1700,99352,40,7824,8470,2503
"281","GA",30564,2010,1280,105991,50,9854,10920,4690
"282","GA",30565,1980,1610,88574,70,7282,7850,1557
"283","GA",30566,4090,3140,187566,0,18547,20083,4248
"284","GA",30567,1370,1020,73859,40,6979,7584,1673
"285","GA",30568,810,460,35644,0,3058,3383,743
"286","GA",30571,1330,560,85668,30,8884,9610,2460
"287","GA",30572,430,200,23584,0,2494,2762,486
"288","GA",30575,660,570,28006,30,2086,2335,639
"289","GA",30576,1060,620,55402,0,4774,5398,1424
"290","GA",30577,8490,5920,395482,160,42454,46240,9175
"291","GA",30582,1980,870,97128,30,9422,10010,2487
"292","GA",30601,8190,6660,247410,20,18090,20408,3713
"293","GA",30605,14710,7460,689958,60,73287,77765,19295
"294","GA",30606,17910,10410,1266889,80,184081,193833,47404
"295","GA",30607,4570,4500,216684,30,22042,23718,6272
"296","GA",30619,680,410,38579,30,3826,4080,785
"297","GA",30620,5440,4690,282846,40,24241,26145,6324
"298","GA",30621,2140,1980,219095,60,35041,36612,7248
"299","GA",30622,4130,3240,352401,60,40903,53606,11238
"300","GA",30624,1070,820,40000,80,2771,3292,981
"301","GA",30625,990,540,67464,50,6907,7355,1937
"302","GA",30627,860,670,31748,50,2127,2454,601
"303","GA",30628,2740,2100,132310,90,11795,12726,3129
"304","GA",30629,1860,1410,82457,100,6731,7378,1341
"305","GA",30630,1000,720,40263,50,3030,3353,685
"306","GA",30631,610,460,20965,30,1384,1550,550
"307","GA",30633,3320,2190,145392,190,11624,13021,2942
"308","GA",30634,910,770,36848,80,2642,3136,913
"309","GA",30635,6260,5170,255613,200,21835,24413,6647
"310","GA",30641,730,470,44660,40,4761,5047,1839
"311","GA",30642,5340,3030,567592,110,94418,100023,25071
"312","GA",30643,6590,4490,318980,200,32545,35188,8444
"313","GA",30646,3080,2480,145948,90,11994,13123,3929
"314","GA",30648,1070,800,48558,50,3938,4341,1202
"315","GA",30650,5460,3990,325458,260,38847,42027,11863
"316","GA",30655,10360,8380,554421,110,58116,62935,23422
"317","GA",30656,6990,5030,391838,80,40243,43153,10480
"318","GA",30660,390,320,13305,30,811,1070,258
"319","GA",30662,3050,2220,130031,220,11408,12806,3116
"320","GA",30663,1310,930,68738,50,6538,7075,1882
"321","GA",30666,3870,2940,260107,50,33736,35921,8608
"322","GA",30667,340,270,15360,30,1336,1425,283
"323","GA",30668,680,470,27395,70,2144,2323,522
"324","GA",30669,1240,1070,40317,30,2463,2816,876
"325","GA",30673,2960,2420,121859,170,10121,11032,3072
"326","GA",30677,8470,6300,844348,210,129694,135929,44068
"327","GA",30678,460,320,24367,30,2434,2704,501
"328","GA",30680,17920,14050,823280,170,71909,78250,19471
"329","GA",30683,3170,2040,147258,50,13009,14129,3546
"330","GA",30701,15590,14970,731479,260,65972,70976,20630
"331","GA",30705,12390,11250,516284,180,43980,47279,8264
"332","GA",30707,6150,4280,287332,150,24688,26987,6716
"333","GA",30708,140,100,5125,0,323,375,0
"334","GA",30710,2590,1870,144614,60,15376,16239,3917
"335","GA",30711,1290,1000,50972,60,3468,3856,657
"336","GA",30720,11080,10350,762194,50,114846,120953,40605
"337","GA",30721,20830,25450,762287,120,52782,57560,14291
"338","GA",30725,1870,1290,93214,0,8593,9552,2647
"339","GA",30728,7080,5140,287013,180,21457,23478,5057
"340","GA",30730,730,550,27115,40,1726,1852,615
"341","GA",30731,890,560,38716,40,3176,3477,543
"342","GA",30733,740,590,29724,20,2102,2355,479
"343","GA",30734,1160,850,52116,70,4422,4879,907
"344","GA",30735,2560,2220,98369,70,7330,8124,1658
"345","GA",30736,17160,12300,971116,180,97647,105394,28012
"346","GA",30738,1480,840,75897,50,7622,8360,1552
"347","GA",30739,2160,1460,116042,60,10381,11292,2979
"348","GA",30740,3800,2680,243775,70,32876,34871,8003
"349","GA",30741,11070,7610,395156,0,28575,31658,6173
"350","GA",30742,2990,1870,112110,0,8244,9015,1851
"351","GA",30746,530,320,28009,30,2706,2903,583
"352","GA",30747,5670,4240,225602,190,17231,19049,5941
"353","GA",30750,1270,880,125707,0,19102,21389,5440
"354","GA",30752,3710,2520,155532,70,12639,13968,2797
"355","GA",30753,2580,2360,97788,40,6439,6949,1351
"356","GA",30755,3810,2900,161520,50,13942,15261,4279
"357","GA",30757,640,410,29374,30,2707,2982,598
"358","GA",30802,2650,1680,184774,60,22743,23932,7352
"359","GA",30803,340,260,13254,30,850,943,333
"360","GA",30805,1080,800,42651,30,3131,3402,780
"361","GA",30808,1770,1470,70082,50,5174,5656,1569
"362","GA",30809,19940,15810,1779492,90,236520,248241,58921
"363","GA",30810,710,560,30953,60,2310,2502,540
"364","GA",30813,16590,14680,923236,40,80446,85153,23411
"365","GA",30814,3650,2630,172555,60,14585,15750,4061
"366","GA",30815,17120,13340,691230,80,50641,54137,24939
"367","GA",30816,740,580,30595,40,2341,2515,891
"368","GA",30817,3080,2150,143761,100,13180,14230,4471
"369","GA",30818,240,220,10189,0,748,842,313
"370","GA",30820,450,340,19167,40,1432,1579,338
"371","GA",30821,380,280,13278,0,865,924,301
"372","GA",30823,640,490,26699,60,2068,2359,843
"373","GA",30824,7210,5830,310249,140,27113,29348,9740
"374","GA",30828,1620,1300,56371,70,3974,4330,1420
"375","GA",30830,5780,5250,266791,180,23565,25362,8024
"376","GA",30833,1660,1400,59926,40,4465,4933,2200
"377","GA",30901,5560,4380,160058,0,13751,15486,5159
"378","GA",30904,10180,6530,479085,30,55999,60491,18619
"379","GA",30905,2120,1780,71509,0,3834,3932,550
"380","GA",30906,24280,19800,769456,40,53279,58464,21471
"381","GA",30907,23280,14640,1567223,60,197656,208828,50619
"382","GA",30909,21060,12490,1189617,70,145897,154029,43030
"383","GA",31001,900,720,31908,100,1940,2230,936
"384","GA",31002,1030,800,40926,80,3115,3474,965
"385","GA",31005,7990,6600,518742,70,53313,55558,16076
"386","GA",31006,1690,1530,64021,90,4356,4876,2094
"387","GA",31007,320,300,11631,20,736,838,271
"388","GA",31008,8730,5920,445349,100,40349,42733,13419
"389","GA",31009,460,330,19873,40,1576,1739,675
"390","GA",31011,330,260,12786,30,884,977,442
"391","GA",31012,450,360,19218,40,1449,1603,575
"392","GA",31014,4780,3700,221343,260,18923,20630,6707
"393","GA",31015,7410,6300,287909,180,23756,26402,8963
"394","GA",31016,650,430,28843,40,2427,2630,934
"395","GA",31017,800,550,38330,70,3440,3750,1036
"396","GA",31018,490,400,18213,40,1324,1443,635
"397","GA",31019,900,700,44632,100,3650,3984,1185
"398","GA",31020,880,640,31830,0,2195,2424,998
"399","GA",31021,10930,8770,530751,320,53193,57927,22602
"400","GA",31022,660,460,33742,50,2853,3040,1217
"401","GA",31023,5400,4400,203766,310,14752,16451,7854
"402","GA",31024,8570,5700,501569,150,61854,68221,17282
"403","GA",31025,620,420,33299,50,2957,3208,1258
"404","GA",31027,3880,3440,127058,120,7731,8884,3972
"405","GA",31028,2880,1850,164232,0,17667,18731,4974
"406","GA",31029,6690,5060,358918,150,36246,39016,12094
"407","GA",31030,6730,5250,266229,150,21918,24117,10159
"408","GA",31031,2420,1880,97819,50,7363,8005,2698
"409","GA",31032,5980,4420,339875,120,33096,35182,9750
"410","GA",31033,920,710,40186,30,3042,3347,1024
"411","GA",31035,490,370,19320,40,1421,1535,574
"412","GA",31036,3940,2990,191081,240,19133,20767,7096
"413","GA",31037,1020,1120,33978,30,2041,2347,719
"414","GA",31038,300,190,14442,20,1124,1211,346
"415","GA",31041,220,210,9114,0,625,741,171
"416","GA",31042,790,600,30036,0,2100,2302,1260
"417","GA",31044,1200,930,47198,40,3651,3928,1519
"418","GA",31046,1450,880,96274,20,11730,12309,2687
"419","GA",31047,6120,5240,438280,80,49315,51739,14549
"420","GA",31049,620,440,25577,90,1743,1964,630
"421","GA",31050,290,210,10999,0,714,828,273
"422","GA",31052,4050,2550,225740,70,22552,23980,9806
"423","GA",31054,670,630,26471,0,1730,1910,1081
"424","GA",31055,1750,1470,70854,120,5962,6573,2215
"425","GA",31057,680,550,26735,40,2435,2621,757
"426","GA",31058,600,500,20808,60,1337,1517,373
"427","GA",31060,550,420,21139,90,1383,1582,672
"428","GA",31061,14920,10460,669083,180,63052,68304,19581
"429","GA",31063,2110,2050,74460,130,5438,6106,2156
"430","GA",31064,3820,2880,183411,140,17697,19173,4653
"431","GA",31065,500,390,19830,30,1321,1446,658
"432","GA",31066,470,280,23627,30,1999,2119,617
"433","GA",31068,1240,1030,40127,50,2522,2842,1150
"434","GA",31069,8790,6470,461975,140,45827,49064,16811
"435","GA",31070,280,190,12609,40,1062,1223,258
"436","GA",31071,450,330,17520,60,1236,1491,605
"437","GA",31072,480,350,19663,50,1298,1542,588
"438","GA",31075,1020,850,42490,40,2919,3249,1268
"439","GA",31076,1190,870,49060,80,3517,3848,1569
"440","GA",31077,400,310,15772,70,1018,1163,516
"441","GA",31078,1380,1120,50047,30,3230,3527,1361
"442","GA",31079,1040,910,38808,130,2670,3102,992
"443","GA",31082,4370,3490,205888,170,20300,22051,9369
"444","GA",31085,390,410,16041,0,1139,1267,285
"445","GA",31087,3100,2460,110009,70,8840,9456,3361
"446","GA",31088,24540,18530,1348616,70,134783,141553,42554
"447","GA",31089,1880,1630,68771,110,4998,5532,2012
"448","GA",31090,370,280,14179,0,961,1046,454
"449","GA",31091,1060,960,37986,60,2346,2702,1124
"450","GA",31092,2140,1910,86543,130,7217,8139,2972
"451","GA",31093,11960,9500,444582,30,34641,37395,13477
"452","GA",31094,450,330,18995,30,1452,1584,636
"453","GA",31096,2160,1900,83735,220,5500,6054,2515
"454","GA",31097,530,330,23775,30,1912,2048,444
"455","GA",31098,1230,1060,49522,0,3339,3435,600
"456","GA",31201,2760,2000,114425,0,12476,14122,4156
"457","GA",31204,12280,10080,465445,30,42246,47177,15385
"458","GA",31206,10140,10570,239930,0,10060,12900,6762
"459","GA",31210,15300,9860,1284439,120,191233,205688,61212
"460","GA",31211,6690,5000,291757,30,25402,27788,12460
"461","GA",31216,6870,4620,370552,40,35007,37403,13756
"462","GA",31217,6960,5840,214621,40,12856,14153,6769
"463","GA",31220,6400,4380,427087,50,52516,56158,16495
"464","GA",31301,1500,1320,54367,0,3574,3889,1372
"465","GA",31302,3310,2310,161954,30,14746,15793,3573
"466","GA",31303,930,650,45880,30,3914,4182,1278
"467","GA",31305,2210,1410,88708,0,7374,8086,2203
"468","GA",31308,3140,2540,141304,40,10797,11674,2306
"469","GA",31309,380,280,17118,0,1255,1336,387
"470","GA",31312,8160,6710,480297,90,43866,46266,11164
"471","GA",31313,15870,12790,600401,40,39597,42277,15531
"472","GA",31315,3120,4090,108255,0,3591,3696,441
"473","GA",31316,4030,4010,169415,110,10560,11316,3677
"474","GA",31320,3990,2680,200090,20,18623,19918,5809
"475","GA",31321,2730,2040,122816,80,10080,10928,2828
"476","GA",31322,11700,8080,756480,30,84683,88882,20485
"477","GA",31323,760,530,27266,0,1905,2095,924
"478","GA",31324,11610,10470,847601,50,96757,101721,20054
"479","GA",31326,9310,7260,554180,50,56068,58794,14314
"480","GA",31328,1680,460,138664,0,19116,20446,5066
"481","GA",31329,3550,2750,178012,80,15664,16736,4397
"482","GA",31331,2200,1300,108302,30,10421,11090,3511
"483","GA",31401,7820,3400,485999,0,62746,88275,12095
"484","GA",31404,13340,9460,457801,0,39434,42889,10994
"485","GA",31405,15040,10550,956762,30,103820,110776,27517
"486","GA",31406,15460,9790,1081399,50,155503,164110,40118
"487","GA",31407,6900,4960,346840,0,30790,32348,7086
"488","GA",31408,4200,4050,132190,0,8663,9662,2774
"489","GA",31410,11270,6120,973065,50,137985,146929,32115
"490","GA",31411,4230,1320,816406,30,143011,152037,41298
"491","GA",31415,4960,4300,119425,0,6746,7568,3200
"492","GA",31419,24290,15280,1138555,40,104573,111631,30434
"493","GA",31501,5510,4350,224126,70,21730,23467,6352
"494","GA",31503,7820,6060,324070,260,23993,26009,7219
"495","GA",31510,3760,3390,160567,350,13697,14953,3885
"496","GA",31512,750,650,32642,110,2843,3269,769
"497","GA",31513,5680,4830,250067,470,21078,23030,7048
"498","GA",31516,5880,4730,285922,290,28541,30253,7523
"499","GA",31518,270,230,11050,50,725,833,323
"500","GA",31519,1370,1110,55204,120,4184,4709,1951
"501","GA",31520,8770,7290,277941,0,22472,24631,6454
"502","GA",31522,8170,3140,885572,60,140477,148759,29825
"503","GA",31523,6140,4330,351426,40,35655,37770,8994
"504","GA",31525,12480,8480,549817,40,47666,50667,13276
"505","GA",31527,400,60,29427,0,3417,3559,657
"506","GA",31532,240,200,10253,40,701,794,199
"507","GA",31533,5950,5420,218546,150,18580,20687,6432
"508","GA",31535,4450,4300,190434,180,16581,18352,6275
"509","GA",31537,2910,2340,121542,60,9523,10243,2630
"510","GA",31539,5140,5120,205402,240,16843,18302,4895
"511","GA",31542,980,770,41685,70,3069,3333,858
"512","GA",31543,1660,1400,63152,30,4234,4694,994
"513","GA",31544,230,190,7961,40,507,603,168
"514","GA",31545,5800,5040,235951,130,18025,19726,7080
"515","GA",31546,2280,1870,112504,60,10244,11143,3048
"516","GA",31548,8890,6980,414016,30,32797,34515,8737
"517","GA",31549,660,580,20937,40,1349,1524,390
"518","GA",31550,330,250,13092,40,858,994,303
"519","GA",31551,340,290,15199,60,1237,1432,360
"520","GA",31552,370,270,19238,40,1971,2068,432
"521","GA",31553,1760,1420,70840,90,5185,5852,1117
"522","GA",31554,1930,1720,72744,180,5123,5732,1199
"523","GA",31555,1100,790,54940,110,4625,4965,1408
"524","GA",31557,1150,920,51346,90,3966,4337,1160
"525","GA",31558,8660,6150,455377,40,40981,42982,9701
"526","GA",31560,980,840,44041,80,3575,3887,1162
"527","GA",31561,210,20,111523,0,24374,26384,9624
"528","GA",31562,580,450,22262,20,1457,1660,207
"529","GA",31563,480,360,23516,70,2038,2252,667
"530","GA",31565,850,450,44883,0,4293,4592,1008
"531","GA",31566,1240,1080,44422,0,2926,3297,620
"532","GA",31567,300,240,12051,30,745,864,157
"533","GA",31568,400,250,20381,0,1729,1791,458
"534","GA",31569,2210,1490,118181,0,10719,11245,2789
"535","GA",31601,11580,10000,354053,110,25832,28790,9650
"536","GA",31602,13580,9020,674209,100,76178,81395,22219
"537","GA",31605,9090,6820,506897,70,55996,59403,17420
"538","GA",31606,1570,1190,65401,40,5038,5592,1796
"539","GA",31620,3930,3260,168822,130,16761,18060,4090
"540","GA",31622,720,590,31042,110,2775,3074,847
"541","GA",31624,470,430,17912,50,1215,1381,375
"542","GA",31625,440,310,16872,40,1232,1422,231
"543","GA",31626,1370,1060,61306,60,5780,6383,1351
"544","GA",31629,330,240,14459,30,1029,1266,315
"545","GA",31630,170,130,5845,0,358,384,0
"546","GA",31631,190,150,7095,0,385,433,0
"547","GA",31632,4900,4050,284586,160,29389,31272,8734
"548","GA",31634,2040,1870,86437,120,7997,8675,2229
"549","GA",31635,2250,1930,83785,70,5683,7121,1450
"550","GA",31636,4000,3080,194604,140,18173,19442,4581
"551","GA",31637,1030,730,40789,90,2896,3175,804
"552","GA",31638,400,330,14957,30,1152,1284,311
"553","GA",31639,3660,2860,159391,210,15436,16814,2828
"554","GA",31641,790,600,34658,30,2701,2934,755
"555","GA",31642,1850,1920,57265,110,3036,3632,938
"556","GA",31643,3320,2760,125987,130,9993,11123,4702
"557","GA",31645,1720,1510,61391,50,3753,4246,790
"558","GA",31647,1300,1240,40003,40,2307,2714,605
"559","GA",31648,350,400,11134,0,639,733,142
"560","GA",31649,260,220,9819,0,616,731,119
"561","GA",31650,1140,1120,38224,80,2682,3051,662
"562","GA",31701,7240,6570,221168,20,17749,20031,6435
"563","GA",31705,11980,11420,340591,70,18299,21414,10775
"564","GA",31707,10680,7440,420807,50,36751,40058,16150
"565","GA",31709,6310,5890,274117,120,25278,27736,9346
"566","GA",31711,360,280,14139,0,1089,1218,341
"567","GA",31712,440,330,16798,40,1128,1267,398
"568","GA",31714,2580,2290,85452,130,6014,6710,2154
"569","GA",31716,1130,1050,43014,50,2838,3127,1170
"570","GA",31719,3410,3300,116156,70,8360,9220,3639
"571","GA",31721,8780,6070,700807,140,96855,101600,31550
"572","GA",31730,3690,3400,158191,170,11694,13007,7918
"573","GA",31733,640,420,39034,70,4112,4480,1308
"574","GA",31735,320,170,17322,0,1741,1896,403
"575","GA",31738,830,640,43661,50,5821,6258,784
"576","GA",31743,230,240,7269,0,391,441,230
"577","GA",31744,1180,890,49779,110,3887,4490,1325
"578","GA",31749,890,800,31083,40,1880,2108,546
"579","GA",31750,7030,5820,276263,270,23499,25707,6891
"580","GA",31756,380,240,17059,40,1377,1564,397
"581","GA",31757,4300,3240,219511,70,21070,22878,6594
"582","GA",31763,11000,8990,675952,190,71627,75840,21819
"583","GA",31764,510,360,20472,30,1546,1695,495
"584","GA",31765,930,890,36694,80,2624,3330,584
"585","GA",31768,8190,7540,330514,190,30628,33903,11242
"586","GA",31771,2020,1940,77053,130,5749,6665,1446
"587","GA",31772,200,140,7530,0,468,508,181
"588","GA",31773,1490,1090,69887,90,5856,6415,1599
"589","GA",31774,2300,1830,84612,190,6050,7003,2450
"590","GA",31775,1140,1310,41551,40,2574,3035,1384
"591","GA",31778,990,750,40601,70,3150,3614,684
"592","GA",31779,2990,2610,108293,140,7473,8572,2758
"593","GA",31780,740,620,30515,30,2272,2498,713
"594","GA",31781,610,450,23470,30,1555,1700,657
"595","GA",31783,410,290,16369,70,1147,1281,368
"596","GA",31784,300,280,11443,40,735,892,117
"597","GA",31787,610,540,25622,30,1889,2160,722
"598","GA",31788,3640,3760,142658,130,10710,12141,4024
"599","GA",31789,550,380,24354,70,1811,1997,538
"600","GA",31790,740,540,30627,90,2434,2838,754
"601","GA",31791,4950,3810,213134,220,17835,19321,6774
"602","GA",31792,9340,7390,526435,120,69212,74207,18024
"603","GA",31793,4020,2900,239775,160,25533,27797,10903
"604","GA",31794,10710,9350,452216,210,44496,48099,15556
"605","GA",31795,870,660,33653,60,2548,2852,888
"606","GA",31796,430,240,18918,20,1685,1905,438
"607","GA",31798,420,300,19192,90,1723,2034,579
"608","GA",31801,1100,790,52620,30,5526,5944,1182
"609","GA",31803,1850,1640,79643,130,6783,7543,1533
"610","GA",31804,2570,1730,190066,30,19647,21018,5900
"611","GA",31805,1150,900,40563,0,2638,2915,850
"612","GA",31806,1660,1490,73614,90,5562,6088,1919
"613","GA",31807,1130,820,77308,0,6864,7271,2560
"614","GA",31808,3580,2480,292185,30,39195,41299,10013
"615","GA",31811,2180,1490,153451,40,19437,20638,5499
"616","GA",31812,200,150,6427,0,401,457,191
"617","GA",31815,760,630,26305,40,1826,1978,613
"618","GA",31816,2180,1700,82590,40,6003,6569,2788
"619","GA",31820,4900,3600,424687,40,53597,56376,15714
"620","GA",31822,2440,1560,152921,70,17810,18958,5241
"621","GA",31823,340,220,15010,0,1152,1245,477
"622","GA",31824,620,520,22010,30,1375,1558,394
"623","GA",31825,770,620,28320,50,1972,2155,636
"624","GA",31826,820,610,31196,0,1920,2259,942
"625","GA",31827,770,620,25606,20,1470,1702,1310
"626","GA",31829,680,420,48752,0,5169,5460,1780
"627","GA",31830,890,590,37695,40,3060,3381,1156
"628","GA",31831,1430,1000,81014,40,7442,7886,2483
"629","GA",31833,3090,2430,145717,40,13495,14624,4990
"630","GA",31836,400,240,16232,30,1345,1264,504
"631","GA",31901,2490,1550,130739,0,20722,22067,3005
"632","GA",31903,7990,7990,169159,0,5998,7827,2840
"633","GA",31904,14090,9910,1067609,50,170563,181147,34701
"634","GA",31905,3960,4810,166916,0,7886,8075,1075
"635","GA",31906,9730,7280,482293,40,56270,60850,19862
"636","GA",31907,25420,18380,874313,0,58694,63856,31627
"637","GA",31909,16890,10730,865610,30,82079,86792,22539
"638","GA",39813,750,760,27211,50,1903,2194,658
"639","GA",39815,640,530,19783,0,1088,1197,565
"640","GA",39817,4070,3640,135346,80,8465,9743,4925
"641","GA",39819,4080,3380,190679,80,18371,19922,6914
"642","GA",39823,3330,2940,132738,190,10990,12074,3061
"643","GA",39824,130,110,5227,0,340,391,0
"644","GA",39825,520,440,23878,40,2011,2267,494
"645","GA",39826,250,230,9025,0,619,687,214
"646","GA",39827,1470,1210,62430,70,4903,5614,1274
"647","GA",39828,5970,6200,236064,110,19573,21604,5351
"648","GA",39834,860,650,39591,70,3341,3736,1147
"649","GA",39836,150,120,6222,0,389,464,161
"650","GA",39837,2240,1720,100126,150,8004,8863,3751
"651","GA",39840,1810,1620,62619,70,4286,4804,1652
"652","GA",39841,310,270,12273,20,1073,1225,263
"653","GA",39842,3220,2810,128034,120,11533,12723,3701
"654","GA",39845,2970,2360,139792,140,14072,14886,3698
"655","GA",39846,770,710,28855,40,2268,2608,730
"656","GA",39851,800,680,26627,40,1731,1945,586
"657","GA",39854,830,590,26924,20,1738,1896,505
"658","GA",39859,510,360,22005,40,1814,1899,559
"659","GA",39861,320,220,15547,40,1291,1234,364
"660","GA",39862,520,330,20813,40,1633,1820,657
"661","GA",39866,200,120,7963,0,622,693,192
"662","GA",39867,160,110,5013,0,291,316,82
"663","GA",39870,820,690,30911,50,2391,2727,806
"664","GA",39877,190,120,7206,0,487,559,109
"665","GA",39886,580,480,22411,40,1829,1977,591
"666","GA",39897,1340,960,58654,100,4828,5396,1330
"667","GA",99999,58890,34920,3976232,860,542212,581697,137571
